何佳骏	waitlili414	https://github.com/waitlili414
俞俊杉	Yujunshan	https://github.com/Yujunshan
修嘉成	XX1012955	https://github.com/XX1012955
刘健顺	sleeep913	https://github.com/sleeep913
卢思睿	xx666zz	https://github.com/xx666zz
卢汉	Wanzhou-ovo	https://github.com/Wanzhou-ovo
吕海鹏	dibai666	https://github.com/dibai666
吴子靖	bobcdd	https://github.com/bobcdd
吴锋	Arasple	https://github.com/Arasple
姚振宇	linyusheng567	https://github.com/linyusheng567
孙玉琳	i77ve	https://github.com/i77ve
孙良宇	Liangyu-Sun	https://github.com/Liangyu-Sun
孟轩宇	PashiaRyurik	https://github.com/PashiaRyurik
尹勃皓	cuolan	https://github.com/cuolan
巩秋实	Ashley191-cyber	https://github.com/ Ashley191-cyber
张叶承志	KKLwhitenight	https://github.com/KKLwhitenight
张嗣宁	zhangN247	https://github.com/zhangN247
张洪铭	star-frost	https://github.com/star-frost
张骏	kevinzhangzj	https://github.com/kevinzhangzj
徐勇	Nian0712	https://github.com/Nian0712
徐磊	lew162	https://github.com/lew162
念雪南	0nian	https://github.com/0nian
朱帅	NJUST-22-ZHUSHUAI	https://github.com/NJUST-22-ZHUSHUAI
朱志恒	2601880763	https://github.com/2601880763
朱雨杭	anengel	https://github.com/anengel
李俊杰	ljj1410446243	https://github.com/ljj1410446243
李想	Milicent	https://github.com/erxue211112
李晓宇	XiaoyuLi-pass	https://github.com/XiaoyuLi-pass
李正鹏	lizhengpeng666	https://github.com/lizhengpeng666
李鑫衡	lixinheng123	https://github.com/lixinheng123
杜博妍	Dubyann	https://github.com/dubyann
杜志伟	lovenkiller	https://github.com/lovenkiller
杜润明	durunming	https://github.com/durunming
林缪海文	leyin077	https://github.com/leyin077
林钲博	LZB-126	https://github.com/LZB-126
查怡安	zya219	https://github.com/zya219
梁惠雯	Grane178	https://github.com/Grane178
燕柏彤	botoya	https://github.com/botoya
王家宝	azeankk	https://github.com/azeankk
王庆宇	3241672910	https://github.com/3241672910
王志辉	yishengjiangdong	https://github.com/yishengjiangdong
王晨宇	QueYng	https://github.com/QueYng
王曼	1WangMan	https://github.com/1WangMan
王榛	qw17	https://github.com/qw17
王炳晨	brcx111	https://github.com/brcx111
王谷林	wgl190	https://github.com/wgl190
王镜然	wjjjr	https://github.com/wjjjr
甘荣锋	ganganandmm	https://github.com/ganganandmm
程俊杰	cccc-fd	https://github.com/cccc-fd
程旭	wuyudecpu	https://github.com/wuyudecpu
罗一淋	Lllyll	https://github.com/Lllyll
罗东果	ldg-1	https://github.com/ldg-1
翟明玮	aconla	https://github.com/aconla
聂铭威	MrParker40	https://github.com/MrParker40
胡锦鑫	hujinxin1	https://github.com/hujinxin1
苗豪胜	hms22408	https://github.com/hms22408
范宇恒	Wolf-Van	https://github.com/Wolf-Van
蒋唐	jiangtang-ruang	https://github.com/jiangtang-ruang
蒋琦	jq-jz	https://github.com/jq-jz
袁智涵	luhanpi	https://github.com/luhanpi
裴晓博	suliuguang6	https://github.com/suliuguang6
詹豪鑫	engulf408	https://github.com/engulf408
赵垚龙	NeoZhao233	https://github.com/NeoZhao233
赵梓彤	Copper916	https://github.com/Copper916
邓子涵	kbdui	https://github.com/kbdui
邬轩骜	Pastel-yarn	https://github.com/Pastel-yarn
邹同东	ztdhhhh	https://github.com/ztdhhhh
郑力泽	SmallBbb	https://github.com/SmallBbb
郭起圳	mlsQAQAQ	https://github.com/mlsQAQAQ
郭钰	guoyu1205	https://github.com/guoyu1205
金瑞翀	Covertrick	https://github.com/Covertrick
钟明煜	ZH0NGM1NGYU	https://github.com/ZH0NGM1NGYU
阮思羽	Auserrr	https://github.com/Auserrr
阿尔斯兰	Ars11an	https://github.com/Ars11an
陆晨凯	luthh8127	https://github.com/luthh8127
陈嘉毅	destiny214cjy	https://github.com/destiny214cjy
陈子龙	ghft-work	https://github.com/ghft-work
陈猛	AaTZY	https://github.com/AaTZY
靖名成	mingchengjing	https://github.com/mingchengjing
龙启新	Justwantee	https://github.com/Justwantee
